id,name,main_category,sub_category,image,link,ratings,no_of_ratings,discount_price,actual_price
1,Nike Essential Cameras 1,Electronics,Cameras,https://via.placeholder.com/200x200/1a1a2e/ffffff?text=Product,#,2.7,42931,28283.35,34754.0
2,Canon Lite Yoga 2,Sports,Yoga,https://via.placeholder.com/200x200/16213e/ffffff?text=Item,#,3.6,39305,32039.29,57454.0
3,Apple Mini Cricket 3,Sports,Cricket,https://via.placeholder.com/200x200/0f3460/ffffff?text=Shop,#,3.6,32196,54450.22,62569.0
4,Sony Classic Self-Help 4,Books,Self-Help,https://via.placeholder.com/200x200/1a1a2e/ffffff?text=Product,#,4.1,3200,61989.05,71053.0
5,Canon Smart Accessories 5,Clothing,Accessories,https://via.placeholder.com/200x200/16213e/ffffff?text=Item,#,4.4,48535,5068.7,5620.0
6,Prestige Essential Action Figures 6,Toys,Action Figures,https://via.placeholder.com/200x200/0f3460/ffffff?text=Shop,#,4.2,2199,22733.36,39923.0
7,Prestige Mini Spices 7,Grocery,Spices,https://via.placeholder.com/200x200/1a1a2e/ffffff?text=Product,#,3.7,16298,21991.33,32985.0
8,Lakme Pro Action Figures 8,Toys,Action Figures,https://via.placeholder.com/200x200/16213e/ffffff?text=Item,#,4.2,23790,33103.96,54980.0
9,Apple Max Dairy 9,Grocery,Dairy,https://via.placeholder.com/200x200/0f3460/ffffff?text=Shop,#,4.6,35016,32319.71,50455.0
10,Xiaomi Smart Children 10,Books,Children,https://via.placeholder.com/200x200/1a1a2e/ffffff?text=Product,#,2.8,14423,58005.51,71867.0
11,Lenovo Premium Action Figures 11,Toys,Action Figures,https://via.placeholder.com/200x200/16213e/ffffff?text=Item,#,4.3,39348,50978.28,63788.0
12,Hasbro Essential Cleaning 12,Home & Kitchen,Cleaning,https://via.placeholder.com/200x200/0f3460/ffffff?text=Shop,#,2.8,28441,22824.26,40547.0
13,Nike Essential History 13,Books,History,https://via.placeholder.com/200x200/1a1a2e/ffffff?text=Product,#,4.1,28266,57776.21,68435.0
14,Sony Classic Football 14,Sports,Football,https://via.placeholder.com/200x200/16213e/ffffff?text=Item,#,3.6,15204,32699.48,63634.0
15,Philips Essential Beverages 15,Grocery,Beverages,https://via.placeholder.com/200x200/0f3460/ffffff?text=Shop,#,2.6,42671,48067.13,79414.0
16,HP Ultra Board Games 16,Toys,Board Games,https://via.placeholder.com/200x200/1a1a2e/ffffff?text=Product,#,4.5,33099,26166.66,34858.0
17,Puma Essential Spices 17,Grocery,Spices,https://via.placeholder.com/200x200/16213e/ffffff?text=Item,#,2.6,40702,19297.6,33553.0
18,Lenovo Lite Smartphones 18,Electronics,Smartphones,https://via.placeholder.com/200x200/0f3460/ffffff?text=Shop,#,3.8,23099,31950.68,55802.0
19,Lakme Elite Snacks 19,Grocery,Snacks,https://via.placeholder.com/200x200/1a1a2e/ffffff?text=Product,#,3.3,22313,26690.52,39750.0
20,Nestle Smart Fragrance 20,Beauty,Fragrance,https://via.placeholder.com/200x200/16213e/ffffff?text=Item,#,4.9,4391,42468.88,76783.0
21,Lakme Elite Storage 21,Home & Kitchen,Storage,https://via.placeholder.com/200x200/0f3460/ffffff?text=Shop,#,4.4,13300,34356.88,36701.0
22,Lenovo Essential Cleaning 22,Home & Kitchen,Cleaning,https://via.placeholder.com/200x200/1a1a2e/ffffff?text=Product,#,4.8,13619,32062.44,59006.0
23,Canon Ultra Footwear 23,Clothing,Footwear,https://via.placeholder.com/200x200/16213e/ffffff?text=Item,#,2.9,15304,43953.33,57784.0
24,Samsung Lite Children 24,Books,Children,https://via.placeholder.com/200x200/0f3460/ffffff?text=Shop,#,4.1,35975,27445.73,39522.0
25,Sony Elite Footwear 25,Clothing,Footwear,https://via.placeholder.com/200x200/1a1a2e/ffffff?text=Product,#,2.6,4231,34611.96,50373.0
26,boAt Smart Footwear 26,Clothing,Footwear,https://via.placeholder.com/200x200/16213e/ffffff?text=Item,#,4.0,7234,28919.71,52915.0
27,Philips Mini Action Figures 27,Toys,Action Figures,https://via.placeholder.com/200x200/0f3460/ffffff?text=Shop,#,4.0,29057,51946.69,79176.0
28,Apple Mini Cookware 28,Home & Kitchen,Cookware,https://via.placeholder.com/200x200/1a1a2e/ffffff?text=Product,#,2.7,24120,28607.69,33568.0
29,Nike Essential Bedding 29,Home & Kitchen,Bedding,https://via.placeholder.com/200x200/16213e/ffffff?text=Item,#,3.7,46891,26811.41,35405.0
30,Dell Smart Board Games 30,Toys,Board Games,https://via.placeholder.com/200x200/0f3460/ffffff?text=Shop,#,2.6,26038,30474.92,43691.0
31,Samsung Max Storage 31,Home & Kitchen,Storage,https://via.placeholder.com/200x200/1a1a2e/ffffff?text=Product,#,2.8,7021,32608.0,43517.0
32,Sony Ultra Fragrance 32,Beauty,Fragrance,https://via.placeholder.com/200x200/16213e/ffffff?text=Item,#,4.4,32974,16262.55,19661.0
33,Nestle Mini Cookware 33,Home & Kitchen,Cookware,https://via.placeholder.com/200x200/0f3460/ffffff?text=Shop,#,3.9,11518,40321.97,78017.0
34,Philips Max Cricket 34,Sports,Cricket,https://via.placeholder.com/200x200/1a1a2e/ffffff?text=Product,#,4.9,40414,23722.52,36910.0
35,Nestle Classic Haircare 35,Beauty,Haircare,https://via.placeholder.com/200x200/16213e/ffffff?text=Item,#,2.9,12805,66752.49,72461.0
36,Philips Essential Fitness 36,Sports,Fitness,https://via.placeholder.com/200x200/0f3460/ffffff?text=Shop,#,4.4,49618,69896.81,77555.0
37,boAt Max Puzzles 37,Toys,Puzzles,https://via.placeholder.com/200x200/1a1a2e/ffffff?text=Product,#,4.4,25947,6071.7,9455.0
38,Puma Smart Cleaning 38,Home & Kitchen,Cleaning,https://via.placeholder.com/200x200/16213e/ffffff?text=Item,#,3.2,4732,59298.06,70926.0
39,Dell Ultra Tablets 39,Electronics,Tablets,https://via.placeholder.com/200x200/0f3460/ffffff?text=Shop,#,2.9,6146,2400.01,2746.0
40,Prestige Classic Skincare 40,Beauty,Skincare,https://via.placeholder.com/200x200/1a1a2e/ffffff?text=Product,#,3.3,43729,33921.01,57650.0
41,Prestige Mini Spices 41,Grocery,Spices,https://via.placeholder.com/200x200/16213e/ffffff?text=Item,#,2.5,25042,22615.0,40044.0
42,Philips Pro Women Dresses 42,Clothing,Women Dresses,https://via.placeholder.com/200x200/0f3460/ffffff?text=Shop,#,3.8,33886,906.03,1633.0
43,Lenovo Classic Spices 43,Grocery,Spices,https://via.placeholder.com/200x200/1a1a2e/ffffff?text=Product,#,4.3,9996,28854.08,33479.0
44,Xiaomi Pro Cameras 44,Electronics,Cameras,https://via.placeholder.com/200x200/16213e/ffffff?text=Item,#,3.5,6196,31943.98,34820.0
45,Apple Essential Beverages 45,Grocery,Beverages,https://via.placeholder.com/200x200/0f3460/ffffff?text=Shop,#,3.2,33146,37915.48,40768.0
46,Lakme Premium Organic 46,Grocery,Organic,https://via.placeholder.com/200x200/1a1a2e/ffffff?text=Product,#,2.8,27764,37564.29,47835.0
47,Canon Essential Skincare 47,Beauty,Skincare,https://via.placeholder.com/200x200/16213e/ffffff?text=Item,#,4.8,48311,552.35,719.0
48,Puma Essential Tools 48,Beauty,Tools,https://via.placeholder.com/200x200/0f3460/ffffff?text=Shop,#,2.8,39240,25816.39,50817.0
49,Philips Lite Storage 49,Home & Kitchen,Storage,https://via.placeholder.com/200x200/1a1a2e/ffffff?text=Product,#,4.0,11639,27446.66,37148.0
50,Lenovo Elite Organic 50,Grocery,Organic,https://via.placeholder.com/200x200/16213e/ffffff?text=Item,#,3.6,20634,15593.37,23330.0
51,Dell Max Cameras 51,Electronics,Cameras,https://via.placeholder.com/200x200/0f3460/ffffff?text=Shop,#,3.1,22700,13497.03,22071.0
52,Xiaomi Max Spices 52,Grocery,Spices,https://via.placeholder.com/200x200/1a1a2e/ffffff?text=Product,#,4.0,5272,40667.95,76739.0
53,boAt Max Cookware 53,Home & Kitchen,Cookware,https://via.placeholder.com/200x200/16213e/ffffff?text=Item,#,4.8,15523,14476.61,25634.0
54,Apple Ultra Fitness 54,Sports,Fitness,https://via.placeholder.com/200x200/0f3460/ffffff?text=Shop,#,2.6,7689,25543.54,46277.0
55,boAt Pro Skincare 55,Beauty,Skincare,https://via.placeholder.com/200x200/1a1a2e/ffffff?text=Product,#,4.2,2678,50949.94,66513.0
56,Xiaomi Smart Board Games 56,Toys,Board Games,https://via.placeholder.com/200x200/16213e/ffffff?text=Item,#,4.6,25231,70388.35,78756.0
57,Lakme Pro Fitness 57,Sports,Fitness,https://via.placeholder.com/200x200/0f3460/ffffff?text=Shop,#,3.9,11844,43560.38,71151.0
58,Philips Premium Dairy 58,Grocery,Dairy,https://via.placeholder.com/200x200/1a1a2e/ffffff?text=Product,#,2.8,18686,562.07,764.0
59,Sony Premium Tablets 59,Electronics,Tablets,https://via.placeholder.com/200x200/16213e/ffffff?text=Item,#,4.6,46242,17670.12,32446.0
60,boAt Mini Puzzles 60,Toys,Puzzles,https://via.placeholder.com/200x200/0f3460/ffffff?text=Shop,#,4.1,40103,21942.08,25791.0
61,Canon Pro Cycling 61,Sports,Cycling,https://via.placeholder.com/200x200/1a1a2e/ffffff?text=Product,#,4.6,26808,48359.46,66119.0
62,Lenovo Smart Educational 62,Toys,Educational,https://via.placeholder.com/200x200/16213e/ffffff?text=Item,#,2.8,31981,34067.69,54956.0
63,Apple Essential Tech 63,Books,Tech,https://via.placeholder.com/200x200/0f3460/ffffff?text=Shop,#,3.4,11636,32213.06,48413.0
64,Puma Smart Haircare 64,Beauty,Haircare,https://via.placeholder.com/200x200/1a1a2e/ffffff?text=Product,#,4.9,34290,9374.66,14796.0
65,Xiaomi Essential Tools 65,Beauty,Tools,https://via.placeholder.com/200x200/16213e/ffffff?text=Item,#,4.6,16424,45693.38,61669.0
66,boAt Max History 66,Books,History,https://via.placeholder.com/200x200/0f3460/ffffff?text=Shop,#,3.2,26640,34792.33,44332.0
67,Samsung Ultra Accessories 67,Clothing,Accessories,https://via.placeholder.com/200x200/1a1a2e/ffffff?text=Product,#,2.8,34742,42481.5,47876.0
68,Nike Premium Spices 68,Grocery,Spices,https://via.placeholder.com/200x200/16213e/ffffff?text=Item,#,4.8,36288,26806.94,49825.0
69,Dell Mini Skincare 69,Beauty,Skincare,https://via.placeholder.com/200x200/0f3460/ffffff?text=Shop,#,4.5,40046,10523.09,13717.0
70,HP Mini Spices 70,Grocery,Spices,https://via.placeholder.com/200x200/1a1a2e/ffffff?text=Product,#,2.7,12676,5657.3,7390.0
71,Apple Pro Cycling 71,Sports,Cycling,https://via.placeholder.com/200x200/16213e/ffffff?text=Item,#,3.7,28251,7970.64,10521.0
72,Canon Lite Makeup 72,Beauty,Makeup,https://via.placeholder.com/200x200/0f3460/ffffff?text=Shop,#,4.0,39964,53118.15,73625.0
73,Xiaomi Pro Jackets 73,Clothing,Jackets,https://via.placeholder.com/200x200/1a1a2e/ffffff?text=Product,#,4.1,5864,33942.85,62919.0
74,HP Lite Makeup 74,Beauty,Makeup,https://via.placeholder.com/200x200/16213e/ffffff?text=Item,#,4.7,33564,10934.65,16819.0
75,Nike Ultra Outdoor 75,Toys,Outdoor,https://via.placeholder.com/200x200/0f3460/ffffff?text=Shop,#,2.9,18215,40836.48,63658.0
76,Sony Mini Snacks 76,Grocery,Snacks,https://via.placeholder.com/200x200/1a1a2e/ffffff?text=Product,#,4.3,21900,29919.25,44490.0
77,Dell Mini Footwear 77,Clothing,Footwear,https://via.placeholder.com/200x200/16213e/ffffff?text=Item,#,3.4,39017,20748.62,28990.0
78,Samsung Lite Tools 78,Beauty,Tools,https://via.placeholder.com/200x200/0f3460/ffffff?text=Shop,#,4.6,47560,37479.92,67737.0
79,Sony Pro Spices 79,Grocery,Spices,https://via.placeholder.com/200x200/1a1a2e/ffffff?text=Product,#,2.5,29417,31021.78,38358.0
80,Canon Max Headphones 80,Electronics,Headphones,https://via.placeholder.com/200x200/16213e/ffffff?text=Item,#,3.6,14774,24451.6,34617.0
81,Hasbro Mini Laptops 81,Electronics,Laptops,https://via.placeholder.com/200x200/0f3460/ffffff?text=Shop,#,5.0,39066,32496.6,59110.0
82,Nike Ultra Tablets 82,Electronics,Tablets,https://via.placeholder.com/200x200/1a1a2e/ffffff?text=Product,#,5.0,41846,34124.16,62283.0
83,Apple Elite Cameras 83,Electronics,Cameras,https://via.placeholder.com/200x200/16213e/ffffff?text=Item,#,2.6,4531,45129.03,49940.0
84,Lakme Pro Women Dresses 84,Clothing,Women Dresses,https://via.placeholder.com/200x200/0f3460/ffffff?text=Shop,#,4.8,38840,40286.59,68376.0
85,HP Premium Cleaning 85,Home & Kitchen,Cleaning,https://via.placeholder.com/200x200/1a1a2e/ffffff?text=Product,#,4.0,281,332.78,636.0
86,Dell Ultra Organic 86,Grocery,Organic,https://via.placeholder.com/200x200/16213e/ffffff?text=Item,#,4.5,42471,12179.63,23166.0
87,Sony Lite Organic 87,Grocery,Organic,https://via.placeholder.com/200x200/0f3460/ffffff?text=Shop,#,2.6,34909,59397.49,67721.0
88,Sony Pro Self-Help 88,Books,Self-Help,https://via.placeholder.com/200x200/1a1a2e/ffffff?text=Product,#,4.1,25231,46653.44,55850.0
89,Lakme Pro Tablets 89,Electronics,Tablets,https://via.placeholder.com/200x200/16213e/ffffff?text=Item,#,3.2,36733,38206.91,65103.0
90,Hasbro Mini Cameras 90,Electronics,Cameras,https://via.placeholder.com/200x200/0f3460/ffffff?text=Shop,#,4.0,30581,31473.61,60004.0
91,boAt Max Smartphones 91,Electronics,Smartphones,https://via.placeholder.com/200x200/1a1a2e/ffffff?text=Product,#,2.7,35481,21279.71,36822.0
92,Puma Mini Action Figures 92,Toys,Action Figures,https://via.placeholder.com/200x200/16213e/ffffff?text=Item,#,4.1,22933,40456.85,47438.0
93,Lakme Pro Educational 93,Toys,Educational,https://via.placeholder.com/200x200/0f3460/ffffff?text=Shop,#,3.9,47301,12720.35,20013.0
94,Philips Elite Cycling 94,Sports,Cycling,https://via.placeholder.com/200x200/1a1a2e/ffffff?text=Product,#,3.8,47030,20135.48,35525.0
95,HP Essential Makeup 95,Beauty,Makeup,https://via.placeholder.com/200x200/16213e/ffffff?text=Item,#,3.2,5969,5895.36,10521.0
96,Nestle Essential Laptops 96,Electronics,Laptops,https://via.placeholder.com/200x200/0f3460/ffffff?text=Shop,#,3.5,30553,49404.54,62889.0
97,Xiaomi Ultra Footwear 97,Clothing,Footwear,https://via.placeholder.com/200x200/1a1a2e/ffffff?text=Product,#,2.6,29419,48804.88,75941.0
98,Lakme Essential Bedding 98,Home & Kitchen,Bedding,https://via.placeholder.com/200x200/16213e/ffffff?text=Item,#,3.9,11287,9094.3,12004.0
99,Hasbro Elite Cycling 99,Sports,Cycling,https://via.placeholder.com/200x200/0f3460/ffffff?text=Shop,#,4.5,32625,30222.61,47054.0
100,boAt Essential Bedding 100,Home & Kitchen,Bedding,https://via.placeholder.com/200x200/1a1a2e/ffffff?text=Product,#,3.8,31304,28125.72,42467.0
101,Hasbro Max Outdoor 101,Toys,Outdoor,https://via.placeholder.com/200x200/16213e/ffffff?text=Item,#,3.8,46053,7582.43,10435.0
102,boAt Smart Cleaning 102,Home & Kitchen,Cleaning,https://via.placeholder.com/200x200/0f3460/ffffff?text=Shop,#,2.8,41870,30078.5,41639.0
103,Xiaomi Max Smartphones 103,Electronics,Smartphones,https://via.placeholder.com/200x200/1a1a2e/ffffff?text=Product,#,3.3,2787,41200.14,65786.0
104,Canon Smart Fiction 104,Books,Fiction,https://via.placeholder.com/200x200/16213e/ffffff?text=Item,#,4.6,37137,2790.9,5509.0
105,Puma Smart Tools 105,Beauty,Tools,https://via.placeholder.com/200x200/0f3460/ffffff?text=Shop,#,2.8,7689,43751.32,56792.0
106,Hasbro Mini Cricket 106,Sports,Cricket,https://via.placeholder.com/200x200/1a1a2e/ffffff?text=Product,#,3.3,49773,5349.93,6313.0
107,Apple Lite Outdoor 107,Toys,Outdoor,https://via.placeholder.com/200x200/16213e/ffffff?text=Item,#,2.5,19398,47536.57,60295.0
108,Lenovo Classic Haircare 108,Beauty,Haircare,https://via.placeholder.com/200x200/0f3460/ffffff?text=Shop,#,4.6,8195,21517.5,37444.0
109,Dell Classic Organic 109,Grocery,Organic,https://via.placeholder.com/200x200/1a1a2e/ffffff?text=Product,#,2.9,41955,15317.55,16198.0
110,Xiaomi Smart Football 110,Sports,Football,https://via.placeholder.com/200x200/16213e/ffffff?text=Item,#,3.6,4011,22190.96,26421.0
111,HP Pro Tech 111,Books,Tech,https://via.placeholder.com/200x200/0f3460/ffffff?text=Shop,#,2.6,9054,22383.41,24646.0
112,boAt Ultra Haircare 112,Beauty,Haircare,https://via.placeholder.com/200x200/1a1a2e/ffffff?text=Product,#,3.7,24514,12002.4,15712.0
113,Philips Ultra Smartphones 113,Electronics,Smartphones,https://via.placeholder.com/200x200/16213e/ffffff?text=Item,#,4.1,42180,52942.06,67278.0
114,Lenovo Lite History 114,Books,History,https://via.placeholder.com/200x200/0f3460/ffffff?text=Shop,#,3.8,2914,32705.41,49183.0
115,HP Max Beverages 115,Grocery,Beverages,https://via.placeholder.com/200x200/1a1a2e/ffffff?text=Product,#,4.6,24133,22519.08,26622.0
116,Puma Mini Bedding 116,Home & Kitchen,Bedding,https://via.placeholder.com/200x200/16213e/ffffff?text=Item,#,3.4,29360,21656.93,24537.0
117,Xiaomi Classic Football 117,Sports,Football,https://via.placeholder.com/200x200/0f3460/ffffff?text=Shop,#,4.8,5257,28163.08,41456.0
118,Puma Pro Fragrance 118,Beauty,Fragrance,https://via.placeholder.com/200x200/1a1a2e/ffffff?text=Product,#,2.6,16949,517.05,882.0
119,Canon Essential Yoga 119,Sports,Yoga,https://via.placeholder.com/200x200/16213e/ffffff?text=Item,#,2.5,15383,25954.37,33737.0
120,Apple Lite Self-Help 120,Books,Self-Help,https://via.placeholder.com/200x200/0f3460/ffffff?text=Shop,#,4.1,31692,39706.82,42160.0
121,Dell Lite Dairy 121,Grocery,Dairy,https://via.placeholder.com/200x200/1a1a2e/ffffff?text=Product,#,4.9,45167,42979.69,52140.0
122,Lakme Max Cycling 122,Sports,Cycling,https://via.placeholder.com/200x200/16213e/ffffff?text=Item,#,3.6,5714,5076.24,6119.0
123,Dell Elite Makeup 123,Beauty,Makeup,https://via.placeholder.com/200x200/0f3460/ffffff?text=Shop,#,3.2,48491,31558.56,33464.0
124,Dell Lite Outdoor 124,Toys,Outdoor,https://via.placeholder.com/200x200/1a1a2e/ffffff?text=Product,#,2.6,17331,28361.15,51033.0
125,Dell Essential Cycling 125,Sports,Cycling,https://via.placeholder.com/200x200/16213e/ffffff?text=Item,#,4.9,49277,49664.39,70025.0
126,Sony Lite Footwear 126,Clothing,Footwear,https://via.placeholder.com/200x200/0f3460/ffffff?text=Shop,#,4.5,4250,39040.55,52057.0
127,Lakme Max Storage 127,Home & Kitchen,Storage,https://via.placeholder.com/200x200/1a1a2e/ffffff?text=Product,#,2.6,1858,12834.84,19222.0
128,HP Elite Cookware 128,Home & Kitchen,Cookware,https://via.placeholder.com/200x200/16213e/ffffff?text=Item,#,4.7,35665,51791.22,61062.0
129,Puma Max Fragrance 129,Beauty,Fragrance,https://via.placeholder.com/200x200/0f3460/ffffff?text=Shop,#,4.1,2457,18571.33,30669.0
130,Lakme Premium Jackets 130,Clothing,Jackets,https://via.placeholder.com/200x200/1a1a2e/ffffff?text=Product,#,2.6,25736,61281.53,76147.0
131,Canon Max Educational 131,Toys,Educational,https://via.placeholder.com/200x200/16213e/ffffff?text=Item,#,4.6,33583,29695.45,48926.0
132,Lenovo Max Cricket 132,Sports,Cricket,https://via.placeholder.com/200x200/0f3460/ffffff?text=Shop,#,3.5,14954,55296.35,72222.0
133,Hasbro Max Laptops 133,Electronics,Laptops,https://via.placeholder.com/200x200/1a1a2e/ffffff?text=Product,#,3.4,9387,37313.15,69334.0
134,Puma Max History 134,Books,History,https://via.placeholder.com/200x200/16213e/ffffff?text=Item,#,3.5,49937,27094.63,42779.0
135,Sony Classic Fitness 135,Sports,Fitness,https://via.placeholder.com/200x200/0f3460/ffffff?text=Shop,#,4.0,49879,12310.04,15097.0
136,Lakme Mini Laptops 136,Electronics,Laptops,https://via.placeholder.com/200x200/1a1a2e/ffffff?text=Product,#,3.4,24850,9928.64,17715.0
137,Prestige Ultra Smartphones 137,Electronics,Smartphones,https://via.placeholder.com/200x200/16213e/ffffff?text=Item,#,4.1,893,31307.92,44473.0
138,Lakme Essential Beverages 138,Grocery,Beverages,https://via.placeholder.com/200x200/0f3460/ffffff?text=Shop,#,3.9,47960,59536.96,71014.0
139,Prestige Max Beverages 139,Grocery,Beverages,https://via.placeholder.com/200x200/1a1a2e/ffffff?text=Product,#,4.8,11762,20056.63,31028.0
140,Dell Lite Bedding 140,Home & Kitchen,Bedding,https://via.placeholder.com/200x200/16213e/ffffff?text=Item,#,3.2,29541,13821.99,17407.0
141,Philips Smart Board Games 141,Toys,Board Games,https://via.placeholder.com/200x200/0f3460/ffffff?text=Shop,#,3.2,7780,12825.35,14355.0
142,Philips Lite Headphones 142,Electronics,Headphones,https://via.placeholder.com/200x200/1a1a2e/ffffff?text=Product,#,3.7,39193,32690.99,46884.0
143,Nestle Elite Organic 143,Grocery,Organic,https://via.placeholder.com/200x200/16213e/ffffff?text=Item,#,4.5,40733,18667.58,20601.0
144,Apple Classic Fiction 144,Books,Fiction,https://via.placeholder.com/200x200/0f3460/ffffff?text=Shop,#,4.9,5103,20394.69,25692.0
145,HP Essential Educational 145,Toys,Educational,https://via.placeholder.com/200x200/1a1a2e/ffffff?text=Product,#,2.8,1801,10572.39,11345.0
146,Samsung Ultra Cookware 146,Home & Kitchen,Cookware,https://via.placeholder.com/200x200/16213e/ffffff?text=Item,#,3.8,3285,32319.45,45856.0
147,Samsung Premium Board Games 147,Toys,Board Games,https://via.placeholder.com/200x200/0f3460/ffffff?text=Shop,#,2.7,5588,45892.36,68188.0
148,Lakme Ultra Spices 148,Grocery,Spices,https://via.placeholder.com/200x200/1a1a2e/ffffff?text=Product,#,3.5,15110,52952.35,78175.0
149,Philips Pro Men Shirts 149,Clothing,Men Shirts,https://via.placeholder.com/200x200/16213e/ffffff?text=Item,#,3.8,43139,16667.98,33299.0
150,Samsung Smart Bedding 150,Home & Kitchen,Bedding,https://via.placeholder.com/200x200/0f3460/ffffff?text=Shop,#,4.6,21572,28030.34,32928.0
151,boAt Smart Cricket 151,Sports,Cricket,https://via.placeholder.com/200x200/1a1a2e/ffffff?text=Product,#,4.2,12131,34276.99,47877.0
152,Canon Smart Furniture 152,Home & Kitchen,Furniture,https://via.placeholder.com/200x200/16213e/ffffff?text=Item,#,3.7,46519,10384.94,19900.0
153,boAt Pro Outdoor 153,Toys,Outdoor,https://via.placeholder.com/200x200/0f3460/ffffff?text=Shop,#,4.8,2378,27191.0,48366.0
154,HP Pro Smartphones 154,Electronics,Smartphones,https://via.placeholder.com/200x200/1a1a2e/ffffff?text=Product,#,4.1,1573,35934.38,65361.0
155,Sony Classic Self-Help 155,Books,Self-Help,https://via.placeholder.com/200x200/16213e/ffffff?text=Item,#,2.5,29513,16419.48,18611.0
156,Hasbro Elite Storage 156,Home & Kitchen,Storage,https://via.placeholder.com/200x200/0f3460/ffffff?text=Shop,#,4.6,8145,31143.89,36734.0
157,boAt Mini Furniture 157,Home & Kitchen,Furniture,https://via.placeholder.com/200x200/1a1a2e/ffffff?text=Product,#,5.0,22728,34443.91,44643.0
158,Canon Max Laptops 158,Electronics,Laptops,https://via.placeholder.com/200x200/16213e/ffffff?text=Item,#,4.0,15926,10357.88,12049.0
159,Hasbro Essential Furniture 159,Home & Kitchen,Furniture,https://via.placeholder.com/200x200/0f3460/ffffff?text=Shop,#,2.6,15888,27254.59,50929.0
160,Puma Premium Haircare 160,Beauty,Haircare,https://via.placeholder.com/200x200/1a1a2e/ffffff?text=Product,#,4.3,8282,46462.2,56227.0
161,Xiaomi Smart Cleaning 161,Home & Kitchen,Cleaning,https://via.placeholder.com/200x200/16213e/ffffff?text=Item,#,2.8,44502,7755.86,10109.0
162,Nike Elite Action Figures 162,Toys,Action Figures,https://via.placeholder.com/200x200/0f3460/ffffff?text=Shop,#,5.0,8655,3645.78,5006.0
163,HP Premium Cookware 163,Home & Kitchen,Cookware,https://via.placeholder.com/200x200/1a1a2e/ffffff?text=Product,#,2.8,49654,33848.27,44357.0
164,Sony Max Yoga 164,Sports,Yoga,https://via.placeholder.com/200x200/16213e/ffffff?text=Item,#,3.2,26814,25983.15,33320.0
165,Lakme Classic Skincare 165,Beauty,Skincare,https://via.placeholder.com/200x200/0f3460/ffffff?text=Shop,#,4.6,14744,8573.29,10735.0
166,Samsung Classic Men Shirts 166,Clothing,Men Shirts,https://via.placeholder.com/200x200/1a1a2e/ffffff?text=Product,#,3.1,11571,11316.58,12669.0
167,Apple Classic Cycling 167,Sports,Cycling,https://via.placeholder.com/200x200/16213e/ffffff?text=Item,#,4.3,19814,33899.6,42115.0
168,Philips Lite Educational 168,Toys,Educational,https://via.placeholder.com/200x200/0f3460/ffffff?text=Shop,#,3.8,49171,39574.57,57465.0
169,Samsung Lite Snacks 169,Grocery,Snacks,https://via.placeholder.com/200x200/1a1a2e/ffffff?text=Product,#,2.7,26016,19688.55,28802.0
170,Nike Smart Puzzles 170,Toys,Puzzles,https://via.placeholder.com/200x200/16213e/ffffff?text=Item,#,4.9,34132,7356.26,12969.0
171,Nike Pro Cookware 171,Home & Kitchen,Cookware,https://via.placeholder.com/200x200/0f3460/ffffff?text=Shop,#,3.0,42950,67032.03,73608.0
172,HP Lite Bedding 172,Home & Kitchen,Bedding,https://via.placeholder.com/200x200/1a1a2e/ffffff?text=Product,#,3.8,43919,34618.37,51625.0
173,Nike Lite Cameras 173,Electronics,Cameras,https://via.placeholder.com/200x200/16213e/ffffff?text=Item,#,2.8,39150,32382.98,42808.0
174,Canon Max Puzzles 174,Toys,Puzzles,https://via.placeholder.com/200x200/0f3460/ffffff?text=Shop,#,3.0,39906,37558.77,68923.0
175,Lakme Premium History 175,Books,History,https://via.placeholder.com/200x200/1a1a2e/ffffff?text=Product,#,4.3,48961,11375.11,16985.0
176,Nike Smart Organic 176,Grocery,Organic,https://via.placeholder.com/200x200/16213e/ffffff?text=Item,#,4.0,15963,38856.88,50207.0
177,Samsung Elite Tech 177,Books,Tech,https://via.placeholder.com/200x200/0f3460/ffffff?text=Shop,#,3.0,46769,32784.59,46147.0
178,Prestige Smart Furniture 178,Home & Kitchen,Furniture,https://via.placeholder.com/200x200/1a1a2e/ffffff?text=Product,#,4.2,6564,35291.29,61559.0
179,Samsung Mini Laptops 179,Electronics,Laptops,https://via.placeholder.com/200x200/16213e/ffffff?text=Item,#,4.4,12187,31709.89,58235.0
180,Prestige Ultra Yoga 180,Sports,Yoga,https://via.placeholder.com/200x200/0f3460/ffffff?text=Shop,#,3.8,10112,22379.69,38348.0
181,Lakme Ultra Headphones 181,Electronics,Headphones,https://via.placeholder.com/200x200/1a1a2e/ffffff?text=Product,#,4.9,2268,7461.26,10411.0
182,Nike Essential Accessories 182,Clothing,Accessories,https://via.placeholder.com/200x200/16213e/ffffff?text=Item,#,3.2,5543,43388.62,70712.0
183,Philips Max Cleaning 183,Home & Kitchen,Cleaning,https://via.placeholder.com/200x200/0f3460/ffffff?text=Shop,#,5.0,45083,58336.49,61859.0
184,Nestle Premium Storage 184,Home & Kitchen,Storage,https://via.placeholder.com/200x200/1a1a2e/ffffff?text=Product,#,3.9,6898,20974.83,32927.0
185,Xiaomi Max Fiction 185,Books,Fiction,https://via.placeholder.com/200x200/16213e/ffffff?text=Item,#,2.9,30841,44262.88,59488.0
186,Lakme Pro Laptops 186,Electronics,Laptops,https://via.placeholder.com/200x200/0f3460/ffffff?text=Shop,#,4.3,42598,6646.41,8712.0
187,Xiaomi Smart Haircare 187,Beauty,Haircare,https://via.placeholder.com/200x200/1a1a2e/ffffff?text=Product,#,4.4,20248,56287.31,66849.0
188,Nestle Mini Laptops 188,Electronics,Laptops,https://via.placeholder.com/200x200/16213e/ffffff?text=Item,#,2.8,6041,29623.15,32796.0
189,Apple Max Self-Help 189,Books,Self-Help,https://via.placeholder.com/200x200/0f3460/ffffff?text=Shop,#,3.6,8982,33957.42,49493.0
190,HP Lite Women Dresses 190,Clothing,Women Dresses,https://via.placeholder.com/200x200/1a1a2e/ffffff?text=Product,#,3.3,42568,9739.79,10900.0
191,Canon Ultra Football 191,Sports,Football,https://via.placeholder.com/200x200/16213e/ffffff?text=Item,#,4.9,12247,15333.27,26780.0
192,Samsung Lite Tablets 192,Electronics,Tablets,https://via.placeholder.com/200x200/0f3460/ffffff?text=Shop,#,3.8,25887,19032.75,26406.0
193,Xiaomi Essential Tech 193,Books,Tech,https://via.placeholder.com/200x200/1a1a2e/ffffff?text=Product,#,4.9,6596,16160.51,29037.0
194,Xiaomi Mini Headphones 194,Electronics,Headphones,https://via.placeholder.com/200x200/16213e/ffffff?text=Item,#,3.0,8187,8924.15,11907.0
195,Xiaomi Premium Women Dresses 195,Clothing,Women Dresses,https://via.placeholder.com/200x200/0f3460/ffffff?text=Shop,#,3.3,5956,27864.77,30534.0
196,Sony Essential Spices 196,Grocery,Spices,https://via.placeholder.com/200x200/1a1a2e/ffffff?text=Product,#,3.0,20028,57433.35,77681.0
197,Apple Max Puzzles 197,Toys,Puzzles,https://via.placeholder.com/200x200/16213e/ffffff?text=Item,#,2.9,37083,46487.77,65389.0
198,Nike Smart Puzzles 198,Toys,Puzzles,https://via.placeholder.com/200x200/0f3460/ffffff?text=Shop,#,4.5,2514,29315.94,44820.0
199,Samsung Lite Fragrance 199,Beauty,Fragrance,https://via.placeholder.com/200x200/1a1a2e/ffffff?text=Product,#,4.8,39683,30398.29,51057.0
200,Philips Elite Football 200,Sports,Football,https://via.placeholder.com/200x200/16213e/ffffff?text=Item,#,3.2,125,57166.61,60365.0
201,Puma Essential Snacks 201,Grocery,Snacks,https://via.placeholder.com/200x200/0f3460/ffffff?text=Shop,#,4.1,6460,36313.1,63870.0
202,Apple Mini Self-Help 202,Books,Self-Help,https://via.placeholder.com/200x200/1a1a2e/ffffff?text=Product,#,3.7,15964,42895.88,51883.0
203,Nike Classic Cleaning 203,Home & Kitchen,Cleaning,https://via.placeholder.com/200x200/16213e/ffffff?text=Item,#,3.4,23644,5577.22,6013.0
204,Sony Elite Fitness 204,Sports,Fitness,https://via.placeholder.com/200x200/0f3460/ffffff?text=Shop,#,3.6,42301,40877.65,78897.0
205,Canon Lite Storage 205,Home & Kitchen,Storage,https://via.placeholder.com/200x200/1a1a2e/ffffff?text=Product,#,4.1,49590,16530.04,22364.0
206,Prestige Mini Women Dresses 206,Clothing,Women Dresses,https://via.placeholder.com/200x200/16213e/ffffff?text=Item,#,3.5,18323,47623.42,57217.0
207,Apple Lite Dairy 207,Grocery,Dairy,https://via.placeholder.com/200x200/0f3460/ffffff?text=Shop,#,3.5,25451,42909.2,47247.0
208,Puma Smart Accessories 208,Clothing,Accessories,https://via.placeholder.com/200x200/1a1a2e/ffffff?text=Product,#,2.8,20413,38937.09,55782.0
209,Prestige Elite Action Figures 209,Toys,Action Figures,https://via.placeholder.com/200x200/16213e/ffffff?text=Item,#,2.5,32779,8523.55,10677.0
210,Lenovo Pro Beverages 210,Grocery,Beverages,https://via.placeholder.com/200x200/0f3460/ffffff?text=Shop,#,3.1,38909,11676.65,13160.0
211,Apple Pro Spices 211,Grocery,Spices,https://via.placeholder.com/200x200/1a1a2e/ffffff?text=Product,#,3.2,13764,39209.02,69718.0
212,HP Mini Cleaning 212,Home & Kitchen,Cleaning,https://via.placeholder.com/200x200/16213e/ffffff?text=Item,#,4.3,10134,44171.17,59375.0
213,Nestle Elite Puzzles 213,Toys,Puzzles,https://via.placeholder.com/200x200/0f3460/ffffff?text=Shop,#,3.3,12762,46648.0,59693.0
214,Hasbro Smart Tools 214,Beauty,Tools,https://via.placeholder.com/200x200/1a1a2e/ffffff?text=Product,#,3.5,34274,18040.41,35342.0
215,Dell Elite Tools 215,Beauty,Tools,https://via.placeholder.com/200x200/16213e/ffffff?text=Item,#,4.6,22202,26835.58,29132.0
216,Xiaomi Classic Furniture 216,Home & Kitchen,Furniture,https://via.placeholder.com/200x200/0f3460/ffffff?text=Shop,#,3.3,24496,44269.62,56431.0
217,Puma Mini Board Games 217,Toys,Board Games,https://via.placeholder.com/200x200/1a1a2e/ffffff?text=Product,#,4.9,46194,67162.66,76365.0
218,Dell Lite Cameras 218,Electronics,Cameras,https://via.placeholder.com/200x200/16213e/ffffff?text=Item,#,3.6,38131,13470.95,18807.0
219,Nestle Elite Haircare 219,Beauty,Haircare,https://via.placeholder.com/200x200/0f3460/ffffff?text=Shop,#,4.0,14473,31278.72,50776.0
220,Philips Ultra Bedding 220,Home & Kitchen,Bedding,https://via.placeholder.com/200x200/1a1a2e/ffffff?text=Product,#,2.9,40804,46725.59,52663.0
221,Samsung Smart Cookware 221,Home & Kitchen,Cookware,https://via.placeholder.com/200x200/16213e/ffffff?text=Item,#,2.8,39877,32003.59,36466.0
222,Nestle Pro Fragrance 222,Beauty,Fragrance,https://via.placeholder.com/200x200/0f3460/ffffff?text=Shop,#,3.0,19509,8927.92,9404.0
223,Samsung Essential Snacks 223,Grocery,Snacks,https://via.placeholder.com/200x200/1a1a2e/ffffff?text=Product,#,5.0,30987,29623.25,32206.0
224,Dell Pro Skincare 224,Beauty,Skincare,https://via.placeholder.com/200x200/16213e/ffffff?text=Item,#,4.7,39538,29328.95,47169.0
225,Lakme Pro Accessories 225,Clothing,Accessories,https://via.placeholder.com/200x200/0f3460/ffffff?text=Shop,#,3.6,41628,32981.25,56927.0
226,boAt Classic Football 226,Sports,Football,https://via.placeholder.com/200x200/1a1a2e/ffffff?text=Product,#,5.0,34311,18848.21,23747.0
227,Samsung Classic Tablets 227,Electronics,Tablets,https://via.placeholder.com/200x200/16213e/ffffff?text=Item,#,4.9,4769,7163.1,8656.0
228,Philips Essential Furniture 228,Home & Kitchen,Furniture,https://via.placeholder.com/200x200/0f3460/ffffff?text=Shop,#,4.2,21244,7528.49,14391.0
229,Prestige Lite Board Games 229,Toys,Board Games,https://via.placeholder.com/200x200/1a1a2e/ffffff?text=Product,#,3.5,41607,47441.12,54558.0
230,boAt Lite Self-Help 230,Books,Self-Help,https://via.placeholder.com/200x200/16213e/ffffff?text=Item,#,4.7,40071,41254.34,57213.0
231,Nestle Max Cookware 231,Home & Kitchen,Cookware,https://via.placeholder.com/200x200/0f3460/ffffff?text=Shop,#,3.8,4813,41699.81,73275.0
232,Hasbro Premium Cookware 232,Home & Kitchen,Cookware,https://via.placeholder.com/200x200/1a1a2e/ffffff?text=Product,#,4.4,35,12736.1,18290.0
233,Prestige Elite Smartphones 233,Electronics,Smartphones,https://via.placeholder.com/200x200/16213e/ffffff?text=Item,#,2.9,41158,34414.57,59789.0
234,Philips Max Tablets 234,Electronics,Tablets,https://via.placeholder.com/200x200/0f3460/ffffff?text=Shop,#,2.7,26951,38517.23,44342.0
235,Hasbro Lite Self-Help 235,Books,Self-Help,https://via.placeholder.com/200x200/1a1a2e/ffffff?text=Product,#,3.8,12880,39483.87,47086.0
236,Canon Essential Cycling 236,Sports,Cycling,https://via.placeholder.com/200x200/16213e/ffffff?text=Item,#,3.0,18401,14888.65,24871.0
237,Dell Pro Fragrance 237,Beauty,Fragrance,https://via.placeholder.com/200x200/0f3460/ffffff?text=Shop,#,2.9,4308,35238.39,60826.0
238,Samsung Smart Tablets 238,Electronics,Tablets,https://via.placeholder.com/200x200/1a1a2e/ffffff?text=Product,#,4.1,49519,31453.79,55993.0
239,HP Smart Footwear 239,Clothing,Footwear,https://via.placeholder.com/200x200/16213e/ffffff?text=Item,#,4.7,43755,13948.17,14854.0
240,Nestle Ultra Fiction 240,Books,Fiction,https://via.placeholder.com/200x200/0f3460/ffffff?text=Shop,#,4.3,32807,23916.24,37957.0
241,Canon Classic Headphones 241,Electronics,Headphones,https://via.placeholder.com/200x200/1a1a2e/ffffff?text=Product,#,2.6,41429,25279.95,30839.0
242,HP Elite Fitness 242,Sports,Fitness,https://via.placeholder.com/200x200/16213e/ffffff?text=Item,#,3.5,24314,18443.38,29888.0
243,Sony Max Cleaning 243,Home & Kitchen,Cleaning,https://via.placeholder.com/200x200/0f3460/ffffff?text=Shop,#,3.2,28065,18863.74,28012.0
244,Apple Smart Footwear 244,Clothing,Footwear,https://via.placeholder.com/200x200/1a1a2e/ffffff?text=Product,#,2.7,28209,29079.22,36146.0
245,Samsung Ultra Cookware 245,Home & Kitchen,Cookware,https://via.placeholder.com/200x200/16213e/ffffff?text=Item,#,2.9,44726,37905.31,47931.0
246,Sony Essential Puzzles 246,Toys,Puzzles,https://via.placeholder.com/200x200/0f3460/ffffff?text=Shop,#,2.6,23809,61187.15,66436.0
247,Lakme Classic Furniture 247,Home & Kitchen,Furniture,https://via.placeholder.com/200x200/1a1a2e/ffffff?text=Product,#,3.0,9782,29990.59,37219.0
248,Puma Ultra Snacks 248,Grocery,Snacks,https://via.placeholder.com/200x200/16213e/ffffff?text=Item,#,2.8,21142,4953.27,8551.0
249,Apple Smart Tools 249,Beauty,Tools,https://via.placeholder.com/200x200/0f3460/ffffff?text=Shop,#,3.4,18044,14505.35,27636.0
250,HP Elite Furniture 250,Home & Kitchen,Furniture,https://via.placeholder.com/200x200/1a1a2e/ffffff?text=Product,#,4.8,10277,30241.98,33611.0
251,Lenovo Pro Skincare 251,Beauty,Skincare,https://via.placeholder.com/200x200/16213e/ffffff?text=Item,#,2.8,5775,3316.16,4258.0
252,Dell Lite Jackets 252,Clothing,Jackets,https://via.placeholder.com/200x200/0f3460/ffffff?text=Shop,#,5.0,40992,6226.82,8452.0
253,boAt Essential Fiction 253,Books,Fiction,https://via.placeholder.com/200x200/1a1a2e/ffffff?text=Product,#,3.9,16203,4794.8,5173.0
254,HP Pro Organic 254,Grocery,Organic,https://via.placeholder.com/200x200/16213e/ffffff?text=Item,#,3.7,48931,46467.3,64147.0
255,Dell Smart Storage 255,Home & Kitchen,Storage,https://via.placeholder.com/200x200/0f3460/ffffff?text=Shop,#,2.8,19882,49193.45,64462.0
256,boAt Pro Haircare 256,Beauty,Haircare,https://via.placeholder.com/200x200/1a1a2e/ffffff?text=Product,#,4.0,5173,69893.72,78553.0
257,Nike Essential Cricket 257,Sports,Cricket,https://via.placeholder.com/200x200/16213e/ffffff?text=Item,#,4.8,21581,27697.37,35287.0
258,Canon Smart Puzzles 258,Toys,Puzzles,https://via.placeholder.com/200x200/0f3460/ffffff?text=Shop,#,3.9,16469,43499.84,61880.0
259,Philips Elite Tech 259,Books,Tech,https://via.placeholder.com/200x200/1a1a2e/ffffff?text=Product,#,3.4,27724,18146.04,28163.0
260,Hasbro Premium Laptops 260,Electronics,Laptops,https://via.placeholder.com/200x200/16213e/ffffff?text=Item,#,3.5,8311,20299.09,24593.0
261,Lenovo Classic Board Games 261,Toys,Board Games,https://via.placeholder.com/200x200/0f3460/ffffff?text=Shop,#,4.6,37779,37382.72,60702.0
262,Apple Classic Organic 262,Grocery,Organic,https://via.placeholder.com/200x200/1a1a2e/ffffff?text=Product,#,4.9,33450,4475.19,8546.0
263,Sony Mini Board Games 263,Toys,Board Games,https://via.placeholder.com/200x200/16213e/ffffff?text=Item,#,2.6,28953,37013.73,73721.0
264,HP Classic Spices 264,Grocery,Spices,https://via.placeholder.com/200x200/0f3460/ffffff?text=Shop,#,4.6,1336,5711.71,6844.0
265,boAt Essential Footwear 265,Clothing,Footwear,https://via.placeholder.com/200x200/1a1a2e/ffffff?text=Product,#,3.3,283,30985.41,36283.0
266,Dell Smart Organic 266,Grocery,Organic,https://via.placeholder.com/200x200/16213e/ffffff?text=Item,#,2.9,28258,42335.25,68101.0
267,Apple Essential History 267,Books,History,https://via.placeholder.com/200x200/0f3460/ffffff?text=Shop,#,4.9,26829,16207.81,17345.0
268,Xiaomi Pro Puzzles 268,Toys,Puzzles,https://via.placeholder.com/200x200/1a1a2e/ffffff?text=Product,#,3.4,29717,66690.79,74501.0
269,Puma Max Smartphones 269,Electronics,Smartphones,https://via.placeholder.com/200x200/16213e/ffffff?text=Item,#,5.0,24093,30555.66,40526.0
270,HP Essential Fragrance 270,Beauty,Fragrance,https://via.placeholder.com/200x200/0f3460/ffffff?text=Shop,#,2.8,18505,51462.57,74808.0
271,boAt Max Spices 271,Grocery,Spices,https://via.placeholder.com/200x200/1a1a2e/ffffff?text=Product,#,4.7,14227,3627.96,5698.0
272,Dell Classic Smartphones 272,Electronics,Smartphones,https://via.placeholder.com/200x200/16213e/ffffff?text=Item,#,2.9,23189,32921.58,40616.0
273,Sony Smart Fragrance 273,Beauty,Fragrance,https://via.placeholder.com/200x200/0f3460/ffffff?text=Shop,#,3.7,30939,32782.78,63282.0
274,HP Ultra Dairy 274,Grocery,Dairy,https://via.placeholder.com/200x200/1a1a2e/ffffff?text=Product,#,3.4,6989,20993.05,35897.0
275,Hasbro Mini Men Shirts 275,Clothing,Men Shirts,https://via.placeholder.com/200x200/16213e/ffffff?text=Item,#,4.9,20255,13876.42,16060.0
276,Nestle Elite Men Shirts 276,Clothing,Men Shirts,https://via.placeholder.com/200x200/0f3460/ffffff?text=Shop,#,3.6,43571,62252.02,79261.0
277,Prestige Premium Footwear 277,Clothing,Footwear,https://via.placeholder.com/200x200/1a1a2e/ffffff?text=Product,#,4.9,26734,15642.21,16516.0
278,boAt Lite Skincare 278,Beauty,Skincare,https://via.placeholder.com/200x200/16213e/ffffff?text=Item,#,2.6,15095,39607.28,43700.0
279,Lenovo Max Storage 279,Home & Kitchen,Storage,https://via.placeholder.com/200x200/0f3460/ffffff?text=Shop,#,4.6,5884,38436.78,72946.0
280,Canon Classic Snacks 280,Grocery,Snacks,https://via.placeholder.com/200x200/1a1a2e/ffffff?text=Product,#,3.5,45788,4323.63,5724.0
281,Dell Premium Educational 281,Toys,Educational,https://via.placeholder.com/200x200/16213e/ffffff?text=Item,#,3.0,48437,8916.81,13937.0
282,boAt Mini Cricket 282,Sports,Cricket,https://via.placeholder.com/200x200/0f3460/ffffff?text=Shop,#,4.3,4723,14379.02,16151.0
283,Apple Mini Yoga 283,Sports,Yoga,https://via.placeholder.com/200x200/1a1a2e/ffffff?text=Product,#,2.8,42109,45860.92,49605.0
284,Philips Classic Spices 284,Grocery,Spices,https://via.placeholder.com/200x200/16213e/ffffff?text=Item,#,4.9,27179,28191.01,31167.0
285,Lenovo Essential History 285,Books,History,https://via.placeholder.com/200x200/0f3460/ffffff?text=Shop,#,3.4,22825,24690.67,36641.0
286,Sony Premium Women Dresses 286,Clothing,Women Dresses,https://via.placeholder.com/200x200/1a1a2e/ffffff?text=Product,#,3.6,3881,49323.12,57963.0
287,Xiaomi Elite Jackets 287,Clothing,Jackets,https://via.placeholder.com/200x200/16213e/ffffff?text=Item,#,3.0,1768,4066.42,7123.0
288,Xiaomi Ultra Storage 288,Home & Kitchen,Storage,https://via.placeholder.com/200x200/0f3460/ffffff?text=Shop,#,4.9,25792,28380.94,30806.0
289,Nestle Premium Laptops 289,Electronics,Laptops,https://via.placeholder.com/200x200/1a1a2e/ffffff?text=Product,#,3.0,7688,15091.78,28556.0
290,Prestige Mini Footwear 290,Clothing,Footwear,https://via.placeholder.com/200x200/16213e/ffffff?text=Item,#,3.0,26865,16425.76,21013.0
291,Xiaomi Elite Yoga 291,Sports,Yoga,https://via.placeholder.com/200x200/0f3460/ffffff?text=Shop,#,3.4,43208,48406.86,52220.0
292,Lakme Ultra Smartphones 292,Electronics,Smartphones,https://via.placeholder.com/200x200/1a1a2e/ffffff?text=Product,#,3.4,21897,30257.55,32691.0
293,Sony Classic Cleaning 293,Home & Kitchen,Cleaning,https://via.placeholder.com/200x200/16213e/ffffff?text=Item,#,4.1,9148,21878.88,33956.0
294,Apple Essential Accessories 294,Clothing,Accessories,https://via.placeholder.com/200x200/0f3460/ffffff?text=Shop,#,2.9,11439,53349.34,64677.0
295,Lenovo Pro Tools 295,Beauty,Tools,https://via.placeholder.com/200x200/1a1a2e/ffffff?text=Product,#,3.8,5374,47641.14,65808.0
296,HP Essential Headphones 296,Electronics,Headphones,https://via.placeholder.com/200x200/16213e/ffffff?text=Item,#,3.7,49740,16027.67,22297.0
297,Dell Premium Dairy 297,Grocery,Dairy,https://via.placeholder.com/200x200/0f3460/ffffff?text=Shop,#,4.1,29651,35412.74,58768.0
298,Nestle Mini Fitness 298,Sports,Fitness,https://via.placeholder.com/200x200/1a1a2e/ffffff?text=Product,#,3.7,23455,1429.4,1582.0
299,Lenovo Max Skincare 299,Beauty,Skincare,https://via.placeholder.com/200x200/16213e/ffffff?text=Item,#,3.6,32412,49086.14,57627.0
300,boAt Max History 300,Books,History,https://via.placeholder.com/200x200/0f3460/ffffff?text=Shop,#,4.2,31556,40493.97,61686.0
301,HP Mini Outdoor 301,Toys,Outdoor,https://via.placeholder.com/200x200/1a1a2e/ffffff?text=Product,#,4.5,18551,39023.83,56451.0
302,Samsung Lite Bedding 302,Home & Kitchen,Bedding,https://via.placeholder.com/200x200/16213e/ffffff?text=Item,#,4.4,22990,23455.06,39290.0
303,Puma Pro Cookware 303,Home & Kitchen,Cookware,https://via.placeholder.com/200x200/0f3460/ffffff?text=Shop,#,4.7,31344,25121.59,30040.0
304,Nestle Pro Haircare 304,Beauty,Haircare,https://via.placeholder.com/200x200/1a1a2e/ffffff?text=Product,#,3.0,47802,4646.47,8159.0
305,Prestige Classic Self-Help 305,Books,Self-Help,https://via.placeholder.com/200x200/16213e/ffffff?text=Item,#,4.3,44142,12874.57,15286.0
306,Lenovo Smart Action Figures 306,Toys,Action Figures,https://via.placeholder.com/200x200/0f3460/ffffff?text=Shop,#,3.2,23925,35706.71,63048.0
307,Puma Pro Women Dresses 307,Clothing,Women Dresses,https://via.placeholder.com/200x200/1a1a2e/ffffff?text=Product,#,2.7,27516,46277.5,56625.0
308,boAt Lite Tech 308,Books,Tech,https://via.placeholder.com/200x200/16213e/ffffff?text=Item,#,3.6,37402,40400.75,46610.0
309,Philips Ultra Children 309,Books,Children,https://via.placeholder.com/200x200/0f3460/ffffff?text=Shop,#,3.7,18046,15817.69,27302.0
310,Canon Ultra Furniture 310,Home & Kitchen,Furniture,https://via.placeholder.com/200x200/1a1a2e/ffffff?text=Product,#,3.2,37591,46687.39,72809.0
311,Samsung Essential Cookware 311,Home & Kitchen,Cookware,https://via.placeholder.com/200x200/16213e/ffffff?text=Item,#,3.1,15155,37398.27,56139.0
312,Samsung Mini Cycling 312,Sports,Cycling,https://via.placeholder.com/200x200/0f3460/ffffff?text=Shop,#,4.7,24901,23146.09,29323.0
313,Lakme Elite Yoga 313,Sports,Yoga,https://via.placeholder.com/200x200/1a1a2e/ffffff?text=Product,#,4.5,44490,32170.49,35396.0
314,Lenovo Premium Bedding 314,Home & Kitchen,Bedding,https://via.placeholder.com/200x200/16213e/ffffff?text=Item,#,3.7,800,40666.58,56897.0
315,Lakme Classic Tech 315,Books,Tech,https://via.placeholder.com/200x200/0f3460/ffffff?text=Shop,#,2.8,27612,53573.71,61124.0
316,boAt Lite Haircare 316,Beauty,Haircare,https://via.placeholder.com/200x200/1a1a2e/ffffff?text=Product,#,4.7,42393,5383.72,5681.0
317,Apple Smart Tablets 317,Electronics,Tablets,https://via.placeholder.com/200x200/16213e/ffffff?text=Item,#,4.0,20089,6472.64,10429.0
318,Puma Smart Tools 318,Beauty,Tools,https://via.placeholder.com/200x200/0f3460/ffffff?text=Shop,#,2.9,27854,50391.29,79565.0
319,Canon Premium Men Shirts 319,Clothing,Men Shirts,https://via.placeholder.com/200x200/1a1a2e/ffffff?text=Product,#,4.6,47465,34353.66,50424.0
320,Nike Pro Cameras 320,Electronics,Cameras,https://via.placeholder.com/200x200/16213e/ffffff?text=Item,#,3.2,8781,51266.85,59241.0
321,Lenovo Pro Organic 321,Grocery,Organic,https://via.placeholder.com/200x200/0f3460/ffffff?text=Shop,#,3.1,33888,20876.9,24093.0
322,Prestige Mini Beverages 322,Grocery,Beverages,https://via.placeholder.com/200x200/1a1a2e/ffffff?text=Product,#,3.6,13237,31220.5,45020.0
323,Lenovo Lite Haircare 323,Beauty,Haircare,https://via.placeholder.com/200x200/16213e/ffffff?text=Item,#,4.6,38594,32668.99,48742.0
324,Nike Premium Board Games 324,Toys,Board Games,https://via.placeholder.com/200x200/0f3460/ffffff?text=Shop,#,2.6,28562,43430.57,45845.0
325,HP Classic Women Dresses 325,Clothing,Women Dresses,https://via.placeholder.com/200x200/1a1a2e/ffffff?text=Product,#,3.5,40498,31520.58,58364.0
326,Apple Smart Cleaning 326,Home & Kitchen,Cleaning,https://via.placeholder.com/200x200/16213e/ffffff?text=Item,#,3.5,9449,11217.35,19078.0
327,Canon Max Tech 327,Books,Tech,https://via.placeholder.com/200x200/0f3460/ffffff?text=Shop,#,5.0,32116,34218.03,42209.0
328,Nike Essential Footwear 328,Clothing,Footwear,https://via.placeholder.com/200x200/1a1a2e/ffffff?text=Product,#,4.3,46168,11969.23,19601.0
329,Dell Premium Cameras 329,Electronics,Cameras,https://via.placeholder.com/200x200/16213e/ffffff?text=Item,#,3.0,23416,19620.6,33241.0
330,boAt Ultra Tech 330,Books,Tech,https://via.placeholder.com/200x200/0f3460/ffffff?text=Shop,#,4.5,39805,14116.88,15540.0
331,Nestle Ultra Haircare 331,Beauty,Haircare,https://via.placeholder.com/200x200/1a1a2e/ffffff?text=Product,#,4.9,12743,5417.57,9661.0
332,HP Ultra Football 332,Sports,Football,https://via.placeholder.com/200x200/16213e/ffffff?text=Item,#,2.6,42335,21985.61,32349.0
333,Lenovo Elite Smartphones 333,Electronics,Smartphones,https://via.placeholder.com/200x200/0f3460/ffffff?text=Shop,#,4.8,39147,20697.28,34790.0
334,boAt Max Yoga 334,Sports,Yoga,https://via.placeholder.com/200x200/1a1a2e/ffffff?text=Product,#,4.7,11390,3127.56,5983.0
335,Sony Elite Cricket 335,Sports,Cricket,https://via.placeholder.com/200x200/16213e/ffffff?text=Item,#,4.5,38000,24041.59,43106.0
336,Sony Lite Jackets 336,Clothing,Jackets,https://via.placeholder.com/200x200/0f3460/ffffff?text=Shop,#,3.8,22066,69791.98,78023.0
337,Samsung Max Spices 337,Grocery,Spices,https://via.placeholder.com/200x200/1a1a2e/ffffff?text=Product,#,2.8,37470,8226.13,13067.0
338,Philips Classic Beverages 338,Grocery,Beverages,https://via.placeholder.com/200x200/16213e/ffffff?text=Item,#,3.5,25268,41047.74,53855.0
339,Dell Mini Outdoor 339,Toys,Outdoor,https://via.placeholder.com/200x200/0f3460/ffffff?text=Shop,#,4.2,12343,53123.74,63894.0
340,Lenovo Pro Bedding 340,Home & Kitchen,Bedding,https://via.placeholder.com/200x200/1a1a2e/ffffff?text=Product,#,4.3,39763,25253.65,27088.0
341,Apple Mini Puzzles 341,Toys,Puzzles,https://via.placeholder.com/200x200/16213e/ffffff?text=Item,#,3.7,17609,24799.18,31503.0
342,boAt Premium Tablets 342,Electronics,Tablets,https://via.placeholder.com/200x200/0f3460/ffffff?text=Shop,#,3.2,20624,42796.32,47871.0
343,Nestle Smart Cycling 343,Sports,Cycling,https://via.placeholder.com/200x200/1a1a2e/ffffff?text=Product,#,3.3,48999,43875.92,48882.0
344,boAt Smart Accessories 344,Clothing,Accessories,https://via.placeholder.com/200x200/16213e/ffffff?text=Item,#,4.6,30322,15117.27,18984.0
345,Lakme Ultra Snacks 345,Grocery,Snacks,https://via.placeholder.com/200x200/0f3460/ffffff?text=Shop,#,3.7,35598,55347.08,73445.0
346,Lakme Smart Fiction 346,Books,Fiction,https://via.placeholder.com/200x200/1a1a2e/ffffff?text=Product,#,3.5,43256,33658.51,65496.0
347,Xiaomi Premium Children 347,Books,Children,https://via.placeholder.com/200x200/16213e/ffffff?text=Item,#,4.7,37487,17808.88,28914.0
348,Canon Max Accessories 348,Clothing,Accessories,https://via.placeholder.com/200x200/0f3460/ffffff?text=Shop,#,4.4,10804,17719.48,23975.0
349,Lenovo Ultra Board Games 349,Toys,Board Games,https://via.placeholder.com/200x200/1a1a2e/ffffff?text=Product,#,4.3,1368,30481.56,32729.0
350,Prestige Lite Cameras 350,Electronics,Cameras,https://via.placeholder.com/200x200/16213e/ffffff?text=Item,#,3.6,26585,53037.39,74255.0
351,Philips Ultra Cameras 351,Electronics,Cameras,https://via.placeholder.com/200x200/0f3460/ffffff?text=Shop,#,3.4,44404,1367.16,1580.0
352,Apple Pro Dairy 352,Grocery,Dairy,https://via.placeholder.com/200x200/1a1a2e/ffffff?text=Product,#,4.8,48617,19209.97,21196.0
353,Xiaomi Pro Board Games 353,Toys,Board Games,https://via.placeholder.com/200x200/16213e/ffffff?text=Item,#,2.8,10596,12657.98,23419.0
354,Samsung Mini Fiction 354,Books,Fiction,https://via.placeholder.com/200x200/0f3460/ffffff?text=Shop,#,4.6,3712,4028.32,7198.0
355,Sony Lite Makeup 355,Beauty,Makeup,https://via.placeholder.com/200x200/1a1a2e/ffffff?text=Product,#,4.1,31549,2845.22,3172.0
356,Dell Lite Tech 356,Books,Tech,https://via.placeholder.com/200x200/16213e/ffffff?text=Item,#,3.7,22375,21823.31,33281.0
357,Puma Lite Smartphones 357,Electronics,Smartphones,https://via.placeholder.com/200x200/0f3460/ffffff?text=Shop,#,3.1,13042,35600.51,62557.0
358,Canon Smart Puzzles 358,Toys,Puzzles,https://via.placeholder.com/200x200/1a1a2e/ffffff?text=Product,#,2.7,34305,67503.47,76242.0
359,boAt Smart Spices 359,Grocery,Spices,https://via.placeholder.com/200x200/16213e/ffffff?text=Item,#,4.8,10838,48812.56,60262.0
360,Dell Classic Laptops 360,Electronics,Laptops,https://via.placeholder.com/200x200/0f3460/ffffff?text=Shop,#,4.1,14498,15023.04,20046.0
361,Apple Elite History 361,Books,History,https://via.placeholder.com/200x200/1a1a2e/ffffff?text=Product,#,4.2,6762,60090.03,73994.0
362,Nestle Premium Cycling 362,Sports,Cycling,https://via.placeholder.com/200x200/16213e/ffffff?text=Item,#,2.7,22347,41147.93,60152.0
363,Prestige Essential Beverages 363,Grocery,Beverages,https://via.placeholder.com/200x200/0f3460/ffffff?text=Shop,#,4.6,37147,40424.77,66633.0
364,Samsung Lite Tech 364,Books,Tech,https://via.placeholder.com/200x200/1a1a2e/ffffff?text=Product,#,4.0,23633,55710.85,76881.0
365,HP Essential Tools 365,Beauty,Tools,https://via.placeholder.com/200x200/16213e/ffffff?text=Item,#,4.3,26437,59147.97,76726.0
366,Puma Classic Smartphones 366,Electronics,Smartphones,https://via.placeholder.com/200x200/0f3460/ffffff?text=Shop,#,3.7,24084,48990.79,53556.0
367,Dell Mini Football 367,Sports,Football,https://via.placeholder.com/200x200/1a1a2e/ffffff?text=Product,#,3.0,22534,23922.78,41147.0
368,Nestle Premium Men Shirts 368,Clothing,Men Shirts,https://via.placeholder.com/200x200/16213e/ffffff?text=Item,#,4.3,21602,43800.58,51764.0
369,boAt Classic Skincare 369,Beauty,Skincare,https://via.placeholder.com/200x200/0f3460/ffffff?text=Shop,#,2.9,7722,72076.1,78048.0
370,boAt Smart History 370,Books,History,https://via.placeholder.com/200x200/1a1a2e/ffffff?text=Product,#,4.4,32081,21761.03,31744.0
371,boAt Mini Women Dresses 371,Clothing,Women Dresses,https://via.placeholder.com/200x200/16213e/ffffff?text=Item,#,4.6,25015,63496.24,75569.0
372,Lenovo Ultra Storage 372,Home & Kitchen,Storage,https://via.placeholder.com/200x200/0f3460/ffffff?text=Shop,#,3.2,14351,35596.35,58098.0
373,Lenovo Mini Makeup 373,Beauty,Makeup,https://via.placeholder.com/200x200/1a1a2e/ffffff?text=Product,#,4.1,49514,665.55,903.0
374,Puma Mini Tools 374,Beauty,Tools,https://via.placeholder.com/200x200/16213e/ffffff?text=Item,#,4.6,10200,19132.29,25930.0
375,Dell Essential Women Dresses 375,Clothing,Women Dresses,https://via.placeholder.com/200x200/0f3460/ffffff?text=Shop,#,4.8,49281,18372.09,19477.0
376,Dell Ultra Cycling 376,Sports,Cycling,https://via.placeholder.com/200x200/1a1a2e/ffffff?text=Product,#,3.9,16049,2397.04,3212.0
377,Nestle Elite Footwear 377,Clothing,Footwear,https://via.placeholder.com/200x200/16213e/ffffff?text=Item,#,3.3,20422,27726.53,33121.0
378,Hasbro Pro Self-Help 378,Books,Self-Help,https://via.placeholder.com/200x200/0f3460/ffffff?text=Shop,#,3.6,9443,30472.87,34521.0
379,Sony Lite Laptops 379,Electronics,Laptops,https://via.placeholder.com/200x200/1a1a2e/ffffff?text=Product,#,3.3,27703,40137.96,78776.0
380,Philips Elite Smartphones 380,Electronics,Smartphones,https://via.placeholder.com/200x200/16213e/ffffff?text=Item,#,2.6,13758,37767.69,71364.0
381,Lenovo Premium Dairy 381,Grocery,Dairy,https://via.placeholder.com/200x200/0f3460/ffffff?text=Shop,#,4.0,42441,1125.04,1974.0
382,Nike Essential Footwear 382,Clothing,Footwear,https://via.placeholder.com/200x200/1a1a2e/ffffff?text=Product,#,4.7,3599,26470.17,30735.0
383,Hasbro Pro Men Shirts 383,Clothing,Men Shirts,https://via.placeholder.com/200x200/16213e/ffffff?text=Item,#,2.9,45196,35570.15,47600.0
384,Lenovo Elite Beverages 384,Grocery,Beverages,https://via.placeholder.com/200x200/0f3460/ffffff?text=Shop,#,4.9,36243,8812.78,11449.0
385,Hasbro Smart Educational 385,Toys,Educational,https://via.placeholder.com/200x200/1a1a2e/ffffff?text=Product,#,3.1,23866,48773.04,73692.0
386,Sony Smart Skincare 386,Beauty,Skincare,https://via.placeholder.com/200x200/16213e/ffffff?text=Item,#,3.6,35573,19653.81,38666.0
387,boAt Elite Cycling 387,Sports,Cycling,https://via.placeholder.com/200x200/0f3460/ffffff?text=Shop,#,4.3,38834,43755.53,50600.0
388,Xiaomi Essential Smartphones 388,Electronics,Smartphones,https://via.placeholder.com/200x200/1a1a2e/ffffff?text=Product,#,2.6,30174,30368.34,49743.0
389,Nestle Essential Board Games 389,Toys,Board Games,https://via.placeholder.com/200x200/16213e/ffffff?text=Item,#,4.6,20702,7623.9,13156.0
390,Puma Ultra Yoga 390,Sports,Yoga,https://via.placeholder.com/200x200/0f3460/ffffff?text=Shop,#,4.8,46479,24774.45,48765.0
391,Hasbro Premium Yoga 391,Sports,Yoga,https://via.placeholder.com/200x200/1a1a2e/ffffff?text=Product,#,4.8,38153,65438.66,69869.0
392,boAt Classic Jackets 392,Clothing,Jackets,https://via.placeholder.com/200x200/16213e/ffffff?text=Item,#,4.0,3917,55758.3,63189.0
393,Lakme Essential Spices 393,Grocery,Spices,https://via.placeholder.com/200x200/0f3460/ffffff?text=Shop,#,4.3,28596,29095.79,51125.0
394,Canon Lite Skincare 394,Beauty,Skincare,https://via.placeholder.com/200x200/1a1a2e/ffffff?text=Product,#,3.8,42450,10572.3,14836.0
395,HP Mini Cricket 395,Sports,Cricket,https://via.placeholder.com/200x200/16213e/ffffff?text=Item,#,2.9,36658,7065.4,10608.0
396,Canon Essential Self-Help 396,Books,Self-Help,https://via.placeholder.com/200x200/0f3460/ffffff?text=Shop,#,3.0,47128,39467.29,47530.0
397,Nike Smart Organic 397,Grocery,Organic,https://via.placeholder.com/200x200/1a1a2e/ffffff?text=Product,#,4.0,42587,9827.9,16144.0
398,Sony Ultra Children 398,Books,Children,https://via.placeholder.com/200x200/16213e/ffffff?text=Item,#,2.9,34649,7349.41,7783.0
399,Nike Elite Fiction 399,Books,Fiction,https://via.placeholder.com/200x200/0f3460/ffffff?text=Shop,#,3.7,16993,36520.6,68640.0
400,Apple Ultra Outdoor 400,Toys,Outdoor,https://via.placeholder.com/200x200/1a1a2e/ffffff?text=Product,#,3.8,16758,36116.36,41015.0
401,Samsung Essential Storage 401,Home & Kitchen,Storage,https://via.placeholder.com/200x200/16213e/ffffff?text=Item,#,2.8,47649,50834.86,64116.0
402,Canon Essential Storage 402,Home & Kitchen,Storage,https://via.placeholder.com/200x200/0f3460/ffffff?text=Shop,#,4.2,7090,12948.4,22768.0
403,Hasbro Ultra Men Shirts 403,Clothing,Men Shirts,https://via.placeholder.com/200x200/1a1a2e/ffffff?text=Product,#,3.5,6997,25485.62,36487.0
404,Philips Ultra Football 404,Sports,Football,https://via.placeholder.com/200x200/16213e/ffffff?text=Item,#,3.4,1611,26533.66,34172.0
405,Lenovo Pro Cleaning 405,Home & Kitchen,Cleaning,https://via.placeholder.com/200x200/0f3460/ffffff?text=Shop,#,3.6,698,20298.5,33182.0
406,Lenovo Max Furniture 406,Home & Kitchen,Furniture,https://via.placeholder.com/200x200/1a1a2e/ffffff?text=Product,#,4.0,18898,492.71,667.0
407,Nike Classic Men Shirts 407,Clothing,Men Shirts,https://via.placeholder.com/200x200/16213e/ffffff?text=Item,#,2.8,17248,41766.24,60568.0
408,Xiaomi Mini Cameras 408,Electronics,Cameras,https://via.placeholder.com/200x200/0f3460/ffffff?text=Shop,#,4.4,1123,20116.21,26104.0
409,Lenovo Lite Beverages 409,Grocery,Beverages,https://via.placeholder.com/200x200/1a1a2e/ffffff?text=Product,#,5.0,31621,36939.77,40234.0
410,Prestige Essential Skincare 410,Beauty,Skincare,https://via.placeholder.com/200x200/16213e/ffffff?text=Item,#,3.3,27353,43468.62,76795.0
411,boAt Premium Tablets 411,Electronics,Tablets,https://via.placeholder.com/200x200/0f3460/ffffff?text=Shop,#,3.3,22630,5636.52,6411.0
412,Apple Mini Headphones 412,Electronics,Headphones,https://via.placeholder.com/200x200/1a1a2e/ffffff?text=Product,#,2.6,23749,13094.25,23428.0
413,Dell Ultra Tools 413,Beauty,Tools,https://via.placeholder.com/200x200/16213e/ffffff?text=Item,#,3.6,25208,34147.65,63141.0
414,Canon Classic Tablets 414,Electronics,Tablets,https://via.placeholder.com/200x200/0f3460/ffffff?text=Shop,#,3.8,48557,48678.18,78962.0
415,Apple Essential Tools 415,Beauty,Tools,https://via.placeholder.com/200x200/1a1a2e/ffffff?text=Product,#,3.5,13981,9279.73,10486.0
416,HP Mini Bedding 416,Home & Kitchen,Bedding,https://via.placeholder.com/200x200/16213e/ffffff?text=Item,#,2.6,9332,11628.86,18295.0
417,Nestle Ultra Self-Help 417,Books,Self-Help,https://via.placeholder.com/200x200/0f3460/ffffff?text=Shop,#,4.2,34004,33270.7,57206.0
418,Hasbro Smart Furniture 418,Home & Kitchen,Furniture,https://via.placeholder.com/200x200/1a1a2e/ffffff?text=Product,#,3.7,17449,26452.83,32160.0
419,Sony Max Haircare 419,Beauty,Haircare,https://via.placeholder.com/200x200/16213e/ffffff?text=Item,#,4.8,28601,2769.46,4645.0
420,Canon Premium Self-Help 420,Books,Self-Help,https://via.placeholder.com/200x200/0f3460/ffffff?text=Shop,#,3.1,24735,25149.24,45251.0
421,Prestige Pro Fragrance 421,Beauty,Fragrance,https://via.placeholder.com/200x200/1a1a2e/ffffff?text=Product,#,4.0,40349,22002.48,23874.0
422,Puma Lite Accessories 422,Clothing,Accessories,https://via.placeholder.com/200x200/16213e/ffffff?text=Item,#,2.9,49640,35870.05,54873.0
423,Xiaomi Classic Headphones 423,Electronics,Headphones,https://via.placeholder.com/200x200/0f3460/ffffff?text=Shop,#,2.5,8903,48568.96,62597.0
424,Nestle Ultra Tablets 424,Electronics,Tablets,https://via.placeholder.com/200x200/1a1a2e/ffffff?text=Product,#,3.1,1987,11442.3,20853.0
425,Xiaomi Premium Furniture 425,Home & Kitchen,Furniture,https://via.placeholder.com/200x200/16213e/ffffff?text=Item,#,3.4,13974,16614.15,28312.0
426,Dell Smart Self-Help 426,Books,Self-Help,https://via.placeholder.com/200x200/0f3460/ffffff?text=Shop,#,2.6,16402,14842.05,27466.0
427,Philips Lite Women Dresses 427,Clothing,Women Dresses,https://via.placeholder.com/200x200/1a1a2e/ffffff?text=Product,#,3.8,49540,44091.96,48039.0
428,HP Smart Educational 428,Toys,Educational,https://via.placeholder.com/200x200/16213e/ffffff?text=Item,#,4.6,38699,2413.4,2859.0
429,Apple Essential Children 429,Books,Children,https://via.placeholder.com/200x200/0f3460/ffffff?text=Shop,#,3.3,38346,8561.49,9922.0
430,Lakme Premium Tablets 430,Electronics,Tablets,https://via.placeholder.com/200x200/1a1a2e/ffffff?text=Product,#,2.7,49713,62795.55,74179.0
431,Apple Premium Cleaning 431,Home & Kitchen,Cleaning,https://via.placeholder.com/200x200/16213e/ffffff?text=Item,#,4.0,38511,46048.89,53567.0
432,Prestige Premium Yoga 432,Sports,Yoga,https://via.placeholder.com/200x200/0f3460/ffffff?text=Shop,#,2.6,13803,41324.19,60206.0
433,Lakme Ultra Makeup 433,Beauty,Makeup,https://via.placeholder.com/200x200/1a1a2e/ffffff?text=Product,#,4.7,19642,53714.4,77701.0
434,Xiaomi Max Women Dresses 434,Clothing,Women Dresses,https://via.placeholder.com/200x200/16213e/ffffff?text=Item,#,3.8,21304,47499.65,73357.0
435,Lakme Ultra Headphones 435,Electronics,Headphones,https://via.placeholder.com/200x200/0f3460/ffffff?text=Shop,#,3.4,25138,17095.92,30082.0
436,Hasbro Essential Football 436,Sports,Football,https://via.placeholder.com/200x200/1a1a2e/ffffff?text=Product,#,4.9,41197,23862.67,38768.0
437,Lakme Mini Cameras 437,Electronics,Cameras,https://via.placeholder.com/200x200/16213e/ffffff?text=Item,#,3.8,41908,26136.11,46345.0
438,boAt Max Fitness 438,Sports,Fitness,https://via.placeholder.com/200x200/0f3460/ffffff?text=Shop,#,4.8,29212,15095.77,24405.0
439,Prestige Classic Snacks 439,Grocery,Snacks,https://via.placeholder.com/200x200/1a1a2e/ffffff?text=Product,#,4.0,36054,16208.27,30786.0
440,Samsung Premium Jackets 440,Clothing,Jackets,https://via.placeholder.com/200x200/16213e/ffffff?text=Item,#,4.2,25617,25150.19,40805.0
441,Puma Mini Fiction 441,Books,Fiction,https://via.placeholder.com/200x200/0f3460/ffffff?text=Shop,#,3.3,44737,12284.31,21046.0
442,Prestige Lite Headphones 442,Electronics,Headphones,https://via.placeholder.com/200x200/1a1a2e/ffffff?text=Product,#,2.8,22138,22459.64,39380.0
443,Lenovo Essential Tools 443,Beauty,Tools,https://via.placeholder.com/200x200/16213e/ffffff?text=Item,#,4.8,43627,18138.27,25295.0
444,HP Pro Snacks 444,Grocery,Snacks,https://via.placeholder.com/200x200/0f3460/ffffff?text=Shop,#,3.3,46482,43392.18,46841.0
445,Nike Essential Furniture 445,Home & Kitchen,Furniture,https://via.placeholder.com/200x200/1a1a2e/ffffff?text=Product,#,4.7,20813,34572.63,59046.0
446,Lakme Lite Board Games 446,Toys,Board Games,https://via.placeholder.com/200x200/16213e/ffffff?text=Item,#,4.1,3367,25391.2,49071.0
447,Nestle Elite Laptops 447,Electronics,Laptops,https://via.placeholder.com/200x200/0f3460/ffffff?text=Shop,#,4.4,4710,33173.36,35769.0
448,Lakme Pro Children 448,Books,Children,https://via.placeholder.com/200x200/1a1a2e/ffffff?text=Product,#,3.8,16014,45319.93,68073.0
449,Xiaomi Premium Self-Help 449,Books,Self-Help,https://via.placeholder.com/200x200/16213e/ffffff?text=Item,#,3.5,18450,23116.81,37616.0
450,Canon Ultra Men Shirts 450,Clothing,Men Shirts,https://via.placeholder.com/200x200/0f3460/ffffff?text=Shop,#,3.4,31351,16676.47,24718.0
451,Dell Lite Makeup 451,Beauty,Makeup,https://via.placeholder.com/200x200/1a1a2e/ffffff?text=Product,#,4.9,18949,1179.44,1543.0
452,Sony Mini Bedding 452,Home & Kitchen,Bedding,https://via.placeholder.com/200x200/16213e/ffffff?text=Item,#,3.6,39685,38410.48,72965.0
453,Hasbro Mini Spices 453,Grocery,Spices,https://via.placeholder.com/200x200/0f3460/ffffff?text=Shop,#,3.9,22924,34713.94,64077.0
454,Canon Lite Smartphones 454,Electronics,Smartphones,https://via.placeholder.com/200x200/1a1a2e/ffffff?text=Product,#,4.7,25388,2128.25,2578.0
455,HP Elite Cycling 455,Sports,Cycling,https://via.placeholder.com/200x200/16213e/ffffff?text=Item,#,4.7,37730,31482.5,35812.0
456,Sony Classic Smartphones 456,Electronics,Smartphones,https://via.placeholder.com/200x200/0f3460/ffffff?text=Shop,#,4.1,10821,50369.15,56776.0
457,Samsung Pro Tech 457,Books,Tech,https://via.placeholder.com/200x200/1a1a2e/ffffff?text=Product,#,3.0,16957,58622.72,71780.0
458,Lakme Max Skincare 458,Beauty,Skincare,https://via.placeholder.com/200x200/16213e/ffffff?text=Item,#,3.2,38212,33603.5,56964.0
459,Apple Lite Jackets 459,Clothing,Jackets,https://via.placeholder.com/200x200/0f3460/ffffff?text=Shop,#,3.2,30529,30020.39,47022.0
460,Sony Lite Skincare 460,Beauty,Skincare,https://via.placeholder.com/200x200/1a1a2e/ffffff?text=Product,#,4.3,2168,24816.52,49417.0
461,Prestige Lite Organic 461,Grocery,Organic,https://via.placeholder.com/200x200/16213e/ffffff?text=Item,#,3.6,23587,12239.81,17030.0
462,Lenovo Classic Laptops 462,Electronics,Laptops,https://via.placeholder.com/200x200/0f3460/ffffff?text=Shop,#,4.7,21563,34537.52,44902.0
463,Xiaomi Premium Yoga 463,Sports,Yoga,https://via.placeholder.com/200x200/1a1a2e/ffffff?text=Product,#,3.4,19240,18308.6,31495.0
464,Philips Pro Women Dresses 464,Clothing,Women Dresses,https://via.placeholder.com/200x200/16213e/ffffff?text=Item,#,4.8,38206,5985.56,8275.0
465,Dell Premium Action Figures 465,Toys,Action Figures,https://via.placeholder.com/200x200/0f3460/ffffff?text=Shop,#,3.2,20169,1243.81,2320.0
466,Prestige Ultra Children 466,Books,Children,https://via.placeholder.com/200x200/1a1a2e/ffffff?text=Product,#,3.7,9913,7551.06,9960.0
467,Apple Smart Educational 467,Toys,Educational,https://via.placeholder.com/200x200/16213e/ffffff?text=Item,#,3.6,41339,14139.45,25143.0
468,boAt Max Cameras 468,Electronics,Cameras,https://via.placeholder.com/200x200/0f3460/ffffff?text=Shop,#,2.7,18484,50338.0,66630.0
469,Canon Premium Cookware 469,Home & Kitchen,Cookware,https://via.placeholder.com/200x200/1a1a2e/ffffff?text=Product,#,4.3,36396,26099.93,41453.0
470,Dell Max Smartphones 470,Electronics,Smartphones,https://via.placeholder.com/200x200/16213e/ffffff?text=Item,#,2.6,41778,30597.96,56661.0
471,Hasbro Max Snacks 471,Grocery,Snacks,https://via.placeholder.com/200x200/0f3460/ffffff?text=Shop,#,3.6,11742,43945.39,58851.0
472,HP Essential Cleaning 472,Home & Kitchen,Cleaning,https://via.placeholder.com/200x200/1a1a2e/ffffff?text=Product,#,2.9,25038,2302.24,2436.0
473,Dell Premium Yoga 473,Sports,Yoga,https://via.placeholder.com/200x200/16213e/ffffff?text=Item,#,4.2,23887,21019.62,23385.0
474,Lenovo Ultra Spices 474,Grocery,Spices,https://via.placeholder.com/200x200/0f3460/ffffff?text=Shop,#,3.8,20934,44041.73,66232.0
475,Puma Smart Bedding 475,Home & Kitchen,Bedding,https://via.placeholder.com/200x200/1a1a2e/ffffff?text=Product,#,3.4,15280,34173.79,55759.0
476,Lenovo Max Smartphones 476,Electronics,Smartphones,https://via.placeholder.com/200x200/16213e/ffffff?text=Item,#,4.2,30109,9587.89,17115.0
477,Sony Ultra Organic 477,Grocery,Organic,https://via.placeholder.com/200x200/0f3460/ffffff?text=Shop,#,2.6,7538,17660.41,35049.0
478,Apple Mini Cleaning 478,Home & Kitchen,Cleaning,https://via.placeholder.com/200x200/1a1a2e/ffffff?text=Product,#,2.7,2253,18162.44,21709.0
479,Prestige Lite Educational 479,Toys,Educational,https://via.placeholder.com/200x200/16213e/ffffff?text=Item,#,4.0,17966,34121.02,67577.0
480,Dell Ultra Jackets 480,Clothing,Jackets,https://via.placeholder.com/200x200/0f3460/ffffff?text=Shop,#,3.9,9482,17689.5,31829.0
481,boAt Lite Football 481,Sports,Football,https://via.placeholder.com/200x200/1a1a2e/ffffff?text=Product,#,4.5,37656,49951.96,55401.0
482,Hasbro Classic Women Dresses 482,Clothing,Women Dresses,https://via.placeholder.com/200x200/16213e/ffffff?text=Item,#,4.8,14877,38740.81,59748.0
483,HP Mini Cycling 483,Sports,Cycling,https://via.placeholder.com/200x200/0f3460/ffffff?text=Shop,#,3.7,20851,29712.45,40052.0
484,Puma Ultra Cookware 484,Home & Kitchen,Cookware,https://via.placeholder.com/200x200/1a1a2e/ffffff?text=Product,#,4.8,26386,41439.61,78141.0
485,Sony Pro Action Figures 485,Toys,Action Figures,https://via.placeholder.com/200x200/16213e/ffffff?text=Item,#,4.8,38268,32693.34,60140.0
486,Sony Premium Spices 486,Grocery,Spices,https://via.placeholder.com/200x200/0f3460/ffffff?text=Shop,#,4.4,34595,3634.92,4635.0
487,HP Lite Tablets 487,Electronics,Tablets,https://via.placeholder.com/200x200/1a1a2e/ffffff?text=Product,#,4.2,29312,45393.06,70365.0
488,Samsung Classic Jackets 488,Clothing,Jackets,https://via.placeholder.com/200x200/16213e/ffffff?text=Item,#,4.4,33220,10732.78,15405.0
489,Lakme Pro Children 489,Books,Children,https://via.placeholder.com/200x200/0f3460/ffffff?text=Shop,#,3.7,10128,527.35,710.0
490,Samsung Premium Educational 490,Toys,Educational,https://via.placeholder.com/200x200/1a1a2e/ffffff?text=Product,#,4.0,20219,29477.41,38667.0
491,Nestle Lite Cleaning 491,Home & Kitchen,Cleaning,https://via.placeholder.com/200x200/16213e/ffffff?text=Item,#,4.1,32080,13091.68,15301.0
492,Samsung Elite Dairy 492,Grocery,Dairy,https://via.placeholder.com/200x200/0f3460/ffffff?text=Shop,#,3.8,5068,38783.03,62260.0
493,Hasbro Elite Organic 493,Grocery,Organic,https://via.placeholder.com/200x200/1a1a2e/ffffff?text=Product,#,3.1,4529,20399.5,26613.0
494,HP Max Cameras 494,Electronics,Cameras,https://via.placeholder.com/200x200/16213e/ffffff?text=Item,#,3.3,29676,23384.07,30523.0
495,Xiaomi Max Makeup 495,Beauty,Makeup,https://via.placeholder.com/200x200/0f3460/ffffff?text=Shop,#,3.4,36168,2244.97,3059.0
496,Lenovo Pro Cookware 496,Home & Kitchen,Cookware,https://via.placeholder.com/200x200/1a1a2e/ffffff?text=Product,#,4.9,9659,20166.27,30188.0
497,Dell Ultra Tech 497,Books,Tech,https://via.placeholder.com/200x200/16213e/ffffff?text=Item,#,4.5,5296,49300.67,75587.0
498,Xiaomi Lite Board Games 498,Toys,Board Games,https://via.placeholder.com/200x200/0f3460/ffffff?text=Shop,#,4.0,40137,35275.22,64152.0
499,Apple Essential Organic 499,Grocery,Organic,https://via.placeholder.com/200x200/1a1a2e/ffffff?text=Product,#,4.7,2556,14245.88,15561.0
500,Dell Classic Makeup 500,Beauty,Makeup,https://via.placeholder.com/200x200/16213e/ffffff?text=Item,#,3.7,10594,44711.23,51466.0
